firstname,company_name,BcorporationScore,Climate,FairLabour,FairTrade,Leather_working,bluesign,ScienceBased,FTI,fashionPact
a.,a. p. møller-mærsk a/s,0.0,1.0,0.0,0.0,0.0,0.0,0.0,0.0,0.0
abahizi,abahizi dushyigikirane ltd.,112.7,0.0,0.0,0.0,0.0,0.0,0.0,0.0,0.0
abercrombie,abercrombie & fitch,0.0,0.0,0.0,0.0,0.0,0.0,0.0,25.0,0.0
about,about you,0.0,0.0,0.0,0.0,1.0,0.0,1.0,0.0,0.0
abury,abury collection,114.6,0.0,0.0,0.0,0.0,0.0,0.0,0.0,0.0
accompany,accompany,87.8,0.0,0.0,0.0,0.0,0.0,0.0,0.0,0.0
acne,acne studios,0.0,0.0,0.0,0.0,1.0,0.0,0.0,0.0,0.0
adidas,adidas,0.0,1.0,1.0,0.0,0.0,1.0,1.0,69.0,1.0
adidas-group,adidas-group,0.0,0.0,0.0,0.0,1.0,0.0,0.0,0.0,0.0
aeropostale,aeropostale,0.0,0.0,0.0,0.0,0.0,0.0,0.0,4.0,0.0
ahlens,ahlens ab,0.0,0.0,0.0,0.0,1.0,0.0,0.0,0.0,0.0
aigle,aigle,0.0,1.0,0.0,0.0,0.0,0.0,0.0,0.0,1.0
air,air & grace,0.0,0.0,0.0,0.0,1.0,0.0,0.0,0.0,0.0
airwair,airwair international limited,0.0,0.0,0.0,0.0,1.0,0.0,0.0,0.0,0.0
alchemia,alchemia,0.0,0.0,0.0,1.0,0.0,0.0,0.0,0.0,0.0
alchemy,alchemy goods,87.4,0.0,0.0,0.0,0.0,0.0,0.0,0.0,0.0
aldi,aldi einkauf gmbh & co. ohg (aldi nord),0.0,0.0,0.0,0.0,2.0,0.0,2.0,55.0,0.0
aldo,aldo,0.0,1.0,0.0,0.0,1.0,0.0,1.0,17.0,1.0
alice,alice cooperativa sociale,0.0,0.0,0.0,1.0,0.0,0.0,0.0,0.0,0.0
all,all the wild roses pty limited,106.9,0.0,0.0,0.0,0.0,0.0,0.0,0.0,0.0
"allbirds,","allbirds, inc.",89.4,0.0,0.0,0.0,0.0,0.0,0.0,0.0,0.0
altitude,"altitude collection, llc",0.0,0.0,0.0,0.0,0.0,1.0,0.0,0.0,0.0
altromercato,altromercato impresa sociale soc. coop.,0.0,0.0,0.0,1.0,0.0,0.0,0.0,0.0,0.0
amalfi,amalfi belts srl,0.0,0.0,0.0,0.0,1.0,0.0,0.0,0.0,0.0
amandla,amandla,0.0,0.0,0.0,1.0,0.0,0.0,0.0,0.0,0.0
amazon,amazon,0.0,0.0,0.0,0.0,0.0,0.0,1.0,25.0,0.0
amer,amer sports sourcing limited,0.0,0.0,0.0,0.0,0.0,1.0,0.0,0.0,0.0
amer-sports,amer-sports,0.0,0.0,1.0,0.0,0.0,0.0,0.0,0.0,0.0
american,american & efird,0.0,2.0,0.0,0.0,0.0,0.0,1.0,17.0,0.0
amor,amor & rosas,86.5,0.0,0.0,0.0,0.0,0.0,0.0,0.0,0.0
ams,ams fulfillment,84.4,0.0,0.0,0.0,0.0,0.0,0.0,0.0,0.0
anko,anko,0.0,1.0,0.0,0.0,0.0,0.0,0.0,0.0,0.0
another,another tomorrow inc.,80.3,0.0,0.0,0.0,0.0,0.0,0.0,0.0,0.0
anta,anta,0.0,0.0,0.0,0.0,0.0,0.0,0.0,8.0,0.0
anthropologie,anthropologie,0.0,0.0,0.0,0.0,0.0,0.0,0.0,20.0,0.0
antigua-group-inc,antigua-group-inc,0.0,0.0,1.0,0.0,0.0,0.0,0.0,0.0,0.0
apolis,apolis holdings llc,82.7,0.0,0.0,0.0,0.0,0.0,0.0,0.0,0.0
aqc,aqc,0.0,0.0,0.0,0.0,1.0,0.0,0.0,0.0,0.0
aquitex,aquitex s.a.,0.0,1.0,0.0,0.0,0.0,0.0,0.0,0.0,0.0
arc'teryx,arc'teryx,0.0,1.0,0.0,0.0,0.0,1.0,1.0,0.0,0.0
arena-group,arena-group,0.0,0.0,1.0,0.0,0.0,0.0,0.0,0.0,0.0
arge,arge weltläden,0.0,0.0,0.0,1.0,0.0,0.0,0.0,0.0,0.0
ariat,ariat international inc,0.0,0.0,0.0,0.0,1.0,0.0,0.0,0.0,0.0
aritzia,aritzia,0.0,0.0,0.0,0.0,0.0,0.0,0.0,16.0,0.0
armada,armada,0.0,0.0,0.0,0.0,0.0,1.0,0.0,0.0,0.0
armani,armani,0.0,0.0,0.0,0.0,0.0,0.0,0.0,9.0,0.0
arnsdorf,arnsdorf,80.2,0.0,0.0,0.0,0.0,0.0,0.0,0.0,0.0
artisan,artisan life,0.0,0.0,0.0,1.0,0.0,0.0,0.0,0.0,0.0
artistic,artistic milliners,0.0,1.0,0.0,0.0,0.0,0.0,1.0,0.0,0.0
asda,asda,0.0,0.0,0.0,0.0,0.0,0.0,0.0,34.0,0.0
asia,asia pacific rayon,0.0,1.0,0.0,0.0,0.0,0.0,0.0,0.0,0.0
asics,asics,0.0,1.0,0.0,0.0,1.0,1.0,1.0,46.0,1.0
askov,askov finlayson,80.7,0.0,0.0,0.0,0.0,0.0,0.0,0.0,0.0
askul,askul corporation,0.0,0.0,0.0,0.0,0.0,0.0,1.0,0.0,0.0
asos,asos,0.0,0.0,0.0,0.0,1.0,0.0,0.0,55.0,0.0
aspinal,aspinal of london,0.0,0.0,0.0,0.0,1.0,0.0,0.0,0.0,0.0
associazione,associazione botteghe del mondo,0.0,0.0,0.0,1.0,0.0,0.0,0.0,0.0,0.0
"atayne,","atayne, llc",141.8,0.0,0.0,0.0,0.0,0.0,0.0,0.0,0.0
athleta,athleta,84.3,0.0,0.0,0.0,0.0,0.0,0.0,0.0,0.0
atlas-schuhfabrik,atlas-schuhfabrik gmbh & co,0.0,0.0,0.0,0.0,1.0,0.0,0.0,0.0,0.0
atomic,atomic gmbh,0.0,0.0,0.0,0.0,0.0,1.0,0.0,0.0,0.0
au-delà,au-delà des frontières,0.0,0.0,0.0,1.0,0.0,0.0,0.0,0.0,0.0
auchan,auchan retail,0.0,0.0,0.0,0.0,0.0,0.0,1.0,0.0,1.0
australian,australian brands alliance,83.3,0.0,0.0,0.0,0.0,0.0,0.0,0.0,0.0
axel,axel arigato ab,0.0,0.0,0.0,0.0,1.0,0.0,0.0,0.0,0.0
ba&sh,ba&sh,0.0,0.0,0.0,0.0,1.0,0.0,0.0,0.0,0.0
baabuk,baabuk sàrl,80.1,0.0,0.0,0.0,0.0,0.0,0.0,0.0,0.0
balenciaga,balenciaga,0.0,0.0,0.0,0.0,0.0,0.0,0.0,47.0,0.0
bally,bally,0.0,0.0,0.0,0.0,0.0,0.0,0.0,0.0,1.0
banana,banana republic,0.0,0.0,0.0,0.0,0.0,0.0,0.0,50.0,0.0
bared,bared trading pty ltd,0.0,0.0,0.0,0.0,1.0,0.0,0.0,0.0,0.0
barner,barner,80.1,0.0,0.0,0.0,0.0,0.0,0.0,0.0,0.0
barnes-noble-college-booksellers,barnes-noble-college-booksellers,0.0,0.0,1.0,0.0,0.0,0.0,0.0,0.0,0.0
bcbgmaxazria,bcbgmaxazria,0.0,0.0,0.0,0.0,0.0,0.0,0.0,3.0,0.0
be,be,110.3,0.0,0.0,0.0,0.0,0.0,0.0,0.0,0.0
beachgold,beachgold,83.7,0.0,0.0,0.0,0.0,0.0,0.0,0.0,0.0
beanpole,beanpole,0.0,0.0,0.0,0.0,0.0,0.0,0.0,8.0,0.0
belgian,belgian fair trade federation,0.0,0.0,0.0,1.0,0.0,0.0,0.0,0.0,0.0
bella-canvas,bella-canvas,0.0,0.0,1.0,0.0,0.0,0.0,0.0,0.0,0.0
belle,belle,0.0,0.0,0.0,0.0,0.0,0.0,0.0,0.0,0.0
bellroy,bellroy,83.6,0.0,0.0,0.0,1.0,0.0,0.0,0.0,0.0
berbrand,berbrand srl,0.0,1.0,0.0,0.0,0.0,0.0,0.0,0.0,0.0
bergans,bergans fritid as,0.0,0.0,0.0,0.0,0.0,1.0,0.0,0.0,0.0
bergfreunde,bergfreunde gmbh,0.0,0.0,0.0,0.0,0.0,0.0,1.0,0.0,0.0
berghaus,berghaus ltd.,0.0,0.0,0.0,0.0,0.0,1.0,0.0,0.0,0.0
bershka,bershka,0.0,0.0,0.0,0.0,0.0,0.0,0.0,44.0,0.0
besson,besson chaussures,0.0,0.0,0.0,0.0,0.0,0.0,0.0,0.0,1.0
best,"best buy co., inc.",0.0,0.0,0.0,0.0,0.0,0.0,1.0,0.0,0.0
bestpol,bestpol sp zo.o,0.0,0.0,0.0,0.0,1.0,0.0,0.0,0.0,0.0
bestseller,bestseller,0.0,0.0,0.0,0.0,0.0,0.0,1.0,0.0,1.0
better,better narrative inc,185.60000000000002,0.0,0.0,0.0,0.0,0.0,0.0,0.0,0.0
between,between the sheets inc.,86.6,0.0,0.0,0.0,0.0,0.0,0.0,0.0,0.0
bevaform,bevaform service & handels gmbh,0.0,0.0,0.0,0.0,1.0,0.0,0.0,0.0,0.0
bhcrafts,bhcrafts doo,0.0,0.0,0.0,1.0,0.0,0.0,0.0,0.0,0.0
big,big bazaar - ffb,0.0,0.0,0.0,0.0,0.0,0.0,0.0,31.0,0.0
bigtruck®,bigtruck®,86.2,0.0,0.0,0.0,0.0,0.0,0.0,0.0,0.0
billabong,billabong,0.0,0.0,0.0,0.0,0.0,0.0,0.0,3.0,0.0
bird,bird,89.5,0.0,0.0,0.0,0.0,0.0,0.0,0.0,0.0
bixbee,bixbee,81.5,0.0,0.0,0.0,0.0,0.0,0.0,0.0,0.0
bloomingdale's,bloomingdale's,0.0,0.0,0.0,0.0,0.0,0.0,0.0,16.0,0.0
blue,blue star,0.0,0.0,0.0,0.0,1.0,0.0,0.0,0.0,0.0
bluestar,bluestar marketing,83.4,0.0,0.0,0.0,0.0,0.0,0.0,0.0,0.0
blundstone,blundstone australia pty ltd,0.0,0.0,0.0,0.0,1.0,0.0,0.0,0.0,0.0
bombas,bombas,89.2,0.0,0.0,0.0,0.0,0.0,0.0,0.0,0.0
bonaveri,bonaveri,0.0,0.0,0.0,0.0,0.0,0.0,0.0,0.0,1.0
bondi,bondi born,88.1,0.0,0.0,0.0,0.0,0.0,0.0,0.0,0.0
bonprix,bonprix,0.0,0.0,0.0,0.0,0.0,0.0,0.0,43.0,0.0
boohoo,boohoo,0.0,0.0,0.0,0.0,0.0,0.0,0.0,9.0,0.0
bordechi,bordechi,89.3,0.0,0.0,0.0,0.0,0.0,0.0,0.0,0.0
bosideng,bosideng,0.0,0.0,0.0,0.0,0.0,0.0,0.0,7.0,0.0
bottega,bottega veneta,0.0,0.0,0.0,0.0,0.0,0.0,0.0,46.0,0.0
bouga,bouga cacao,0.0,0.0,0.0,1.0,0.0,0.0,0.0,0.0,0.0
bps,bps overseas (p) ltd,0.0,0.0,0.0,0.0,1.0,0.0,0.0,0.0,0.0
braloba,braloba group,0.0,0.0,0.0,0.0,1.0,0.0,0.0,0.0,0.0
brand,brand collective australia,0.0,0.0,0.0,0.0,1.0,0.0,0.0,0.0,0.0
british,british association of fair trade shops (bafts),0.0,0.0,0.0,1.0,0.0,0.0,0.0,0.0,0.0
bronx,bronx fashion b.v,0.0,0.0,0.0,0.0,1.0,0.0,0.0,0.0,0.0
brooks,brooks brothers,0.0,0.0,0.0,0.0,0.0,1.0,1.0,30.0,0.0
brown,brown thomas arnotts,0.0,0.0,0.0,0.0,0.0,0.0,1.0,0.0,0.0
brunello,brunello cucinelli,0.0,0.0,0.0,0.0,0.0,0.0,0.0,11.0,0.0
buckle,buckle,0.0,0.0,0.0,0.0,0.0,0.0,0.0,10.0,0.0
burberry,burberry,0.0,1.0,0.0,0.0,1.0,0.0,1.0,36.0,1.0
burlington,burlington,0.0,0.0,0.0,0.0,0.0,0.0,0.0,14.0,0.0
burton,burton,0.0,0.0,1.0,0.0,0.0,0.0,0.0,0.0,0.0
by,by malene birger a/s,0.0,0.0,0.0,0.0,1.0,0.0,0.0,0.0,0.0
c&a,c&a,0.0,0.0,0.0,0.0,0.0,0.0,1.0,70.0,0.0
caleres,caleres,0.0,0.0,0.0,0.0,1.0,0.0,0.0,0.0,0.0
calvin,calvin klein,0.0,0.0,0.0,0.0,1.0,0.0,0.0,54.0,0.0
calzedonia,calzedonia,0.0,0.0,0.0,0.0,0.0,0.0,0.0,13.0,1.0
camelbak,camelbak,0.0,0.0,0.0,0.0,0.0,1.0,0.0,0.0,0.0
camper,camper (biniaraix manufacturing s.l.),0.0,0.0,0.0,0.0,1.0,0.0,0.0,0.0,0.0
canada,canada goose,0.0,0.0,0.0,0.0,0.0,1.0,0.0,4.0,0.0
capranea,capranea sports ag,0.0,1.0,0.0,0.0,0.0,0.0,0.0,0.0,0.0
capri,capri holdings limited,0.0,0.0,0.0,0.0,1.0,0.0,1.0,0.0,1.0
carhartt,carhartt,0.0,0.0,0.0,0.0,0.0,0.0,0.0,6.0,0.0
carla,carla fernández | comercializadora de diseño flora sapi de cv,81.9,0.0,0.0,0.0,0.0,0.0,0.0,0.0,0.0
carolina,carolina herrera,0.0,0.0,0.0,0.0,0.0,0.0,0.0,12.0,0.0
caroll,caroll,0.0,0.0,0.0,0.0,0.0,0.0,0.0,14.0,0.0
carrefour,carrefour,0.0,0.0,0.0,0.0,0.0,0.0,0.0,20.0,1.0
castelijn,castelijn & beerens bv,0.0,0.0,0.0,0.0,1.0,0.0,0.0,0.0,0.0
cato,cato fashions,0.0,0.0,0.0,0.0,0.0,0.0,0.0,5.0,0.0
celine,celine,0.0,0.0,0.0,0.0,0.0,0.0,0.0,26.0,0.0
celio,celio,0.0,0.0,0.0,0.0,0.0,0.0,0.0,1.0,1.0
cha,cha dô teehandels gmbh,0.0,0.0,0.0,1.0,0.0,0.0,0.0,0.0,0.0
champion,champion,0.0,0.0,0.0,0.0,0.0,0.0,0.0,39.0,0.0
chanel,chanel,0.0,1.0,0.0,0.0,0.0,0.0,1.0,11.0,1.0
chenfeng,chenfeng group co.,0.0,1.0,0.0,0.0,0.0,0.0,0.0,0.0,0.0
chico's,chico's,0.0,0.0,0.0,0.0,0.0,0.0,0.0,12.0,0.0
chicobag,chicobag company,114.5,0.0,0.0,0.0,0.0,0.0,0.0,0.0,0.0
chilote,chilote shoes,90.5,0.0,0.0,0.0,0.0,0.0,0.0,0.0,0.0
china),china),0.0,8.0,0.0,0.0,0.0,0.0,0.0,0.0,0.0
chloe,chloe,0.0,0.0,0.0,0.0,1.0,0.0,0.0,0.0,1.0
chloé,chloé,0.0,0.0,0.0,0.0,0.0,0.0,0.0,20.0,0.0
"chopwood,","chopwood, llc",80.4,0.0,0.0,0.0,0.0,0.0,0.0,0.0,0.0
chotanagpurgruppe,chotanagpurgruppe –faire handelsgesellschaft mbh,0.0,0.0,0.0,1.0,0.0,0.0,0.0,0.0,0.0
circular,circular systems spc,0.0,1.0,0.0,0.0,0.0,0.0,0.0,0.0,0.0
citizen,citizen wolf pty ltd,100.1,0.0,0.0,0.0,0.0,0.0,0.0,0.0,0.0
claire's,claire's,0.0,0.0,0.0,0.0,0.0,0.0,0.0,5.0,0.0
clarks,clarks,0.0,0.0,0.0,0.0,1.0,0.0,0.0,40.0,0.0
clic!,clic!,0.0,0.0,0.0,0.0,1.0,0.0,0.0,0.0,0.0
clover,clover group international ltd,0.0,1.0,0.0,0.0,0.0,0.0,0.0,0.0,0.0
coach,coach,0.0,0.0,0.0,0.0,0.0,0.0,0.0,19.0,0.0
coats,coats group plc,0.0,0.0,0.0,0.0,0.0,0.0,1.0,0.0,0.0
cofreet,cofreet,0.0,1.0,0.0,0.0,0.0,0.0,0.0,0.0,0.0
coingasa,coingasa,0.0,0.0,0.0,0.0,1.0,0.0,0.0,0.0,0.0
cole,cole haan,0.0,0.0,0.0,0.0,1.0,0.0,0.0,8.0,0.0
collections,collections international,0.0,0.0,0.0,0.0,1.0,0.0,0.0,0.0,0.0
colosseum,colosseum,0.0,0.0,1.0,0.0,0.0,0.0,0.0,0.0,0.0
columbia,columbia sportswear,0.0,0.0,0.0,0.0,0.0,1.0,0.0,28.0,0.0
comfortrust.ch,comfortrust.ch ag,0.0,0.0,0.0,0.0,0.0,1.0,0.0,0.0,0.0
commerce,commerce équitable france (cef),0.0,0.0,0.0,1.0,0.0,0.0,0.0,0.0,0.0
company,company name,0.0,0.0,0.0,0.0,0.0,1.0,0.0,0.0,0.0
contemporary-craft,contemporary-craft,83.7,0.0,0.0,0.0,0.0,0.0,0.0,0.0,0.0
converse,converse,0.0,0.0,0.0,0.0,0.0,0.0,0.0,55.0,0.0
coocazoo,coocazoo,0.0,0.0,0.0,0.0,0.0,1.0,0.0,0.0,0.0
coop,coop danmark a/s,0.0,0.0,0.0,0.0,0.0,0.0,1.0,0.0,0.0
coordinadora,coordinadora estatal de comercio justo (cecj),0.0,0.0,0.0,1.0,0.0,0.0,0.0,0.0,0.0
cortefiel,cortefiel,0.0,0.0,0.0,0.0,0.0,0.0,0.0,16.0,0.0
costco,costco,0.0,0.0,0.0,0.0,0.0,0.0,0.0,15.0,0.0
cotopaxi,cotopaxi,93.6,0.0,0.0,0.0,0.0,0.0,0.0,0.0,0.0
cotton,cotton on,0.0,0.0,0.0,0.0,0.0,0.0,0.0,25.0,0.0
country,country road group,0.0,0.0,0.0,0.0,1.0,0.0,0.0,0.0,0.0
craghoppers,craghoppers ltd,0.0,1.0,0.0,0.0,0.0,1.0,0.0,0.0,0.0
creative,creative action network,113.1,0.0,0.0,0.0,0.0,0.0,0.0,0.0,0.0
cridem,cridem,102.5,0.0,0.0,0.0,0.0,0.0,0.0,0.0,0.0
ctm,ctm agrofair italy,0.0,0.0,0.0,1.0,0.0,0.0,0.0,0.0,0.0
cubreme,cubreme,88.8,0.0,0.0,0.0,0.0,0.0,0.0,0.0,0.0
cue,cue clothing co.,0.0,0.0,0.0,0.0,1.0,0.0,0.0,0.0,0.0
cutter-buck-inc,cutter-buck-inc,0.0,0.0,1.0,0.0,0.0,0.0,0.0,0.0,0.0
da.ai,da.ai technology,88.7,0.0,0.0,0.0,0.0,0.0,0.0,0.0,0.0
dai,dai,97.4,1.0,0.0,0.0,0.0,0.0,0.0,0.0,0.0
damartex,damartex group,0.0,0.0,0.0,0.0,0.0,0.0,0.0,0.0,1.0
dansko,dansko,99.4,0.0,0.0,0.0,0.0,0.0,0.0,0.0,0.0
dardenne,dardenne,0.0,0.0,0.0,1.0,0.0,0.0,0.0,0.0,0.0
dbl,dbl group,0.0,1.0,0.0,0.0,0.0,0.0,0.0,0.0,0.0
dcm,dcm jennyfer,0.0,0.0,0.0,0.0,0.0,0.0,0.0,0.0,1.0
debenhams,debenhams,0.0,0.0,0.0,0.0,0.0,0.0,0.0,41.0,0.0
decathlon,decathlon,0.0,1.0,0.0,0.0,0.0,0.0,1.0,23.0,1.0
decjuba,decjuba pty ltd,0.0,0.0,0.0,0.0,1.0,0.0,0.0,0.0,0.0
deckers,deckers outdoor corporation,0.0,0.0,0.0,0.0,1.0,0.0,0.0,0.0,0.0
deichmann,deichmann se,0.0,0.0,0.0,0.0,1.0,0.0,0.0,0.0,0.0
demarini,demarini sports (amer sports),0.0,0.0,0.0,0.0,0.0,1.0,0.0,0.0,0.0
demod,demod deri konfeksiyon ltd. sti.,0.0,0.0,0.0,0.0,1.0,0.0,0.0,0.0,0.0
denim,denim expert  limited,0.0,1.0,0.0,0.0,0.0,0.0,0.0,0.0,0.0
denner,denner ag,0.0,0.0,0.0,0.0,0.0,0.0,1.0,0.0,0.0
design,design nave co.,0.0,0.0,0.0,0.0,1.0,0.0,0.0,0.0,0.0
desigual,desigual,0.0,0.0,0.0,0.0,0.0,0.0,0.0,17.0,1.0
deuter,deuter sport gmbh & co. kg,0.0,0.0,0.0,0.0,0.0,1.0,0.0,0.0,0.0
dhana,dhana inc.,151.9,0.0,0.0,0.0,0.0,0.0,0.0,0.0,0.0
diam,diam,0.0,0.0,0.0,0.0,0.0,0.0,1.0,0.0,0.0
diane,diane von furstenberg,0.0,0.0,0.0,0.0,0.0,0.0,0.0,2.0,0.0
dick's,dick's sporting goods,0.0,0.0,0.0,0.0,0.0,0.0,0.0,16.0,0.0
diesel,diesel,0.0,0.0,0.0,0.0,0.0,0.0,0.0,11.0,1.0
dillards,dillards,0.0,0.0,0.0,0.0,0.0,0.0,0.0,10.0,0.0
dior,dior,0.0,0.0,0.0,0.0,0.0,0.0,0.0,26.0,0.0
disney,disney,0.0,0.0,0.0,0.0,0.0,0.0,0.0,23.0,0.0
dk,dk company a/s,0.0,0.0,0.0,0.0,1.0,0.0,0.0,0.0,0.0
dkny,dkny,0.0,0.0,0.0,0.0,0.0,0.0,0.0,2.0,0.0
dolce,dolce & gabbana,0.0,0.0,0.0,0.0,0.0,0.0,0.0,3.0,0.0
dr.,dr. martens,0.0,0.0,0.0,0.0,0.0,0.0,0.0,10.0,0.0
dressmann,dressmann,0.0,0.0,0.0,0.0,0.0,0.0,0.0,48.0,0.0
dsw,dsw,0.0,0.0,0.0,0.0,0.0,0.0,0.0,10.0,0.0
duffle,duffle & co,83.6,0.0,0.0,0.0,0.0,0.0,0.0,0.0,0.0
eagle,eagle creek,0.0,0.0,0.0,0.0,0.0,1.0,0.0,0.0,0.0
eagles,"eagles nest outfitters, inc. (eno)",0.0,0.0,0.0,0.0,0.0,1.0,0.0,0.0,0.0
eastman,eastman exports global clothing pvt ltd,0.0,0.0,0.0,0.0,0.0,0.0,1.0,0.0,0.0
ebay,ebay inc.,0.0,0.0,0.0,0.0,0.0,0.0,1.0,0.0,0.0
eco-bags,eco-bags products,91.3,0.0,0.0,0.0,0.0,0.0,0.0,0.0,0.0
ecoalf,"ecoalf recycled fabrics, sl",81.8,0.0,0.0,0.0,0.0,0.0,0.0,0.0,0.0
ecoffins,ecoffins,0.0,0.0,0.0,1.0,0.0,0.0,0.0,0.0,0.0
eddie,eddie bauer,0.0,0.0,0.0,0.0,0.0,1.0,0.0,5.0,0.0
edelrid,edelrid gmbh co. kg,0.0,0.0,0.0,0.0,0.0,1.0,0.0,0.0,0.0
egos,egos copenhagen,0.0,0.0,0.0,1.0,0.0,0.0,0.0,0.0,0.0
eileen,eileen fisher,96.2,0.0,0.0,0.0,1.0,1.0,1.0,0.0,0.0
ekornes,ekornes as,0.0,0.0,0.0,0.0,1.0,0.0,0.0,0.0,0.0
el,el corte ingles,0.0,1.0,0.0,1.0,0.0,0.0,0.0,28.0,1.0
elecosy,elecosy bvba,0.0,0.0,0.0,1.0,0.0,0.0,0.0,0.0,0.0
elevate,elevate textiles,0.0,1.0,0.0,0.0,0.0,0.0,1.0,0.0,0.0
elie,elie tahari,0.0,0.0,0.0,0.0,0.0,0.0,0.0,0.0,0.0
elis,elis textil service ab,0.0,0.0,0.0,0.0,0.0,0.0,1.0,0.0,0.0
elpuente,elpuente,0.0,0.0,0.0,1.0,0.0,0.0,0.0,0.0,0.0
elvang,elvang denmark a/s,0.0,0.0,0.0,1.0,0.0,0.0,0.0,0.0,0.0
elvis,elvis & kresse,90.3,0.0,0.0,0.0,0.0,0.0,0.0,0.0,0.0
encircled,encircled,91.0,0.0,0.0,0.0,0.0,0.0,0.0,0.0,0.0
enda,enda athletic inc.,81.0,0.0,0.0,0.0,0.0,0.0,0.0,0.0,0.0
eneache,eneache sa,104.5,0.0,0.0,0.0,0.0,0.0,0.0,0.0,0.0
engelbert,engelbert strauss gmbh & co. kg,0.0,0.0,0.0,0.0,0.0,1.0,0.0,0.0,0.0
equo,equo garantito,0.0,0.0,0.0,1.0,0.0,0.0,0.0,0.0,0.0
eralda,eralda,0.0,0.0,0.0,0.0,0.0,0.0,0.0,0.0,1.0
ercado,ercado,0.0,0.0,0.0,1.0,0.0,0.0,0.0,0.0,0.0
ermenegildo,ermenegildo zegna,0.0,0.0,0.0,0.0,0.0,0.0,0.0,27.0,1.0
esgii,esgii,0.0,0.0,0.0,1.0,0.0,0.0,0.0,0.0,0.0
esperanza,esperanza café,0.0,0.0,0.0,1.0,0.0,0.0,0.0,0.0,0.0
esprit,esprit,0.0,1.0,0.0,0.0,0.0,0.0,0.0,64.0,0.0
etiko,etiko pty ltd,95.3,0.0,0.0,0.0,0.0,0.0,0.0,0.0,0.0
european,european fair trade association (efta),0.0,0.0,0.0,1.0,0.0,0.0,0.0,0.0,0.0
evea,evea eco fashion,0.0,1.0,0.0,0.0,0.0,0.0,0.0,0.0,0.0
everlane,everlane,0.0,0.0,0.0,0.0,0.0,1.0,0.0,0.0,0.0
everybody,everybody & everyone,0.0,0.0,0.0,0.0,0.0,0.0,0.0,0.0,1.0
express,express,0.0,0.0,0.0,0.0,0.0,0.0,0.0,8.0,0.0
eza,eza fairer handel gmbh,0.0,0.0,0.0,1.0,0.0,0.0,0.0,0.0,0.0
faherty,faherty brands,0.0,0.0,0.0,0.0,0.0,1.0,0.0,0.0,0.0
fair,fair,80.8,0.0,0.0,7.0,0.0,0.0,0.0,0.0,0.0
fair-band,fair-band,0.0,0.0,0.0,1.0,0.0,0.0,0.0,0.0,0.0
fair-netz,fair-netz (netzwerk regionaler fair-handelszentren e.v),0.0,0.0,0.0,1.0,0.0,0.0,0.0,0.0,0.0
fairforward,fairforward,0.0,0.0,0.0,1.0,0.0,0.0,0.0,0.0,0.0
fairmail,fairmail cards,0.0,0.0,0.0,1.0,0.0,0.0,0.0,0.0,0.0
fairtrade,fairtrade czech republic and slovakia,0.0,0.0,0.0,1.0,0.0,0.0,0.0,0.0,0.0
falabella,falabella,0.0,0.0,0.0,0.0,0.0,0.0,0.0,17.0,0.0
fall-rush,fall-rush,0.0,0.0,1.0,0.0,0.0,0.0,0.0,0.0,0.0
famous,famous footwear,0.0,0.0,0.0,0.0,0.0,0.0,0.0,9.0,0.0
fanatics,fanatics,0.0,0.0,1.0,0.0,0.0,0.0,0.0,15.0,0.0
farfetch,farfetch,0.0,1.0,0.0,0.0,0.0,0.0,0.0,0.0,1.0
fashion,fashion nova,0.0,0.0,0.0,0.0,0.0,0.0,0.0,2.0,0.0
fashion3,fashion3,0.0,0.0,0.0,0.0,0.0,0.0,0.0,0.0,1.0
fast,fast retailing,0.0,1.0,0.0,0.0,0.0,0.0,1.0,0.0,0.0
fast-retailing,fast-retailing,0.0,0.0,1.0,0.0,0.0,0.0,0.0,0.0,0.0
fatface,fatface,0.0,0.0,0.0,0.0,1.0,0.0,0.0,0.0,0.0
feelgoodz,feelgoodz llc,80.1,0.0,0.0,0.0,0.0,0.0,0.0,0.0,0.0
fendi,fendi,0.0,0.0,0.0,0.0,0.0,0.0,0.0,25.0,0.0
fenix,fenix outdoor international ag,0.0,1.0,0.0,0.0,0.0,0.0,0.0,0.0,0.0
fenix-outdoor,fenix-outdoor,0.0,0.0,1.0,0.0,0.0,0.0,0.0,0.0,0.0
fgv-holdings,fgv-holdings,0.0,0.0,1.0,0.0,0.0,0.0,0.0,0.0,0.0
figs,figs,116.2,0.0,0.0,0.0,0.0,0.0,0.0,0.0,0.0
fila,fila,0.0,0.0,0.0,0.0,0.0,0.0,0.0,8.0,0.0
finisterre,finisterre,80.8,0.0,0.0,0.0,0.0,0.0,0.0,0.0,0.0
fjällräven,fjällräven,0.0,0.0,0.0,0.0,0.0,0.0,0.0,31.0,0.0
flavia,flavia aranha comércio e confecção eireli - me,95.7,0.0,0.0,0.0,0.0,0.0,0.0,0.0,0.0
florsheim,florsheim shoes,0.0,0.0,0.0,0.0,1.0,0.0,0.0,0.0,0.0
follett-higher-education-group,follett-higher-education-group,0.0,0.0,1.0,0.0,0.0,0.0,0.0,0.0,0.0
fond,fond of gmbh,0.0,0.0,0.0,0.0,0.0,1.0,0.0,0.0,0.0
foot,foot locker,0.0,0.0,0.0,0.0,0.0,0.0,0.0,7.0,0.0
forever,forever 21,0.0,0.0,0.0,0.0,0.0,0.0,0.0,7.0,0.0
forty-seven-brand,forty-seven-brand,0.0,0.0,1.0,0.0,0.0,0.0,0.0,0.0,0.0
forum,forum fairer handel e.v.,0.0,0.0,0.0,1.0,0.0,0.0,0.0,0.0,0.0
foschini,foschini,0.0,0.0,0.0,0.0,0.0,0.0,0.0,14.0,0.0
fossil,fossil,0.0,1.0,0.0,0.0,1.0,0.0,0.0,13.0,0.0
frank,frank & eileen,179.2,0.0,0.0,0.0,0.0,0.0,0.0,0.0,0.0
freddie's,freddie's flowers,0.0,0.0,0.0,0.0,0.0,0.0,1.0,0.0,0.0
free,free people,0.0,0.0,0.0,0.0,0.0,0.0,0.0,21.0,0.0
fruit,"fruit of the loom, inc.",0.0,0.0,0.0,0.0,0.0,0.0,1.0,0.0,0.0
fruit-loom,fruit-loom,0.0,0.0,1.0,0.0,0.0,0.0,0.0,0.0,0.0
fundacion,fundacion adsis – equim,0.0,0.0,0.0,1.0,0.0,0.0,0.0,0.0,0.0
fundación,fundación copade españa,0.0,0.0,0.0,2.0,0.0,0.0,0.0,0.0,0.0
fung,fung group,0.0,0.0,0.0,0.0,0.0,0.0,0.0,0.0,1.0
furla,furla,0.0,0.0,0.0,0.0,0.0,0.0,0.0,10.0,0.0
fédération,fédération artisans du monde,0.0,0.0,0.0,1.0,0.0,0.0,0.0,0.0,0.0
g-star,g-star raw,0.0,1.0,0.0,0.0,0.0,0.0,0.0,49.0,0.0
gabriela,gabriela hearst,0.0,0.0,0.0,0.0,1.0,0.0,0.0,0.0,0.0
gallant,gallant international inc.,86.7,0.0,0.0,0.0,0.0,0.0,0.0,0.0,0.0
ganni,ganni,0.0,1.0,0.0,0.0,0.0,0.0,0.0,0.0,0.0
gant,gant,0.0,1.0,0.0,0.0,1.0,0.0,0.0,0.0,1.0
gap,gap,0.0,1.0,0.0,0.0,0.0,0.0,1.0,50.0,1.0
gazelle,gazelle sports,90.5,0.0,0.0,0.0,0.0,0.0,0.0,0.0,0.0
gcl,gcl gmbh,0.0,0.0,0.0,0.0,0.0,1.0,0.0,0.0,0.0
gebana,gebana,0.0,0.0,0.0,1.0,0.0,0.0,0.0,0.0,0.0
gebra,gebra nonfood handels gmbh & co kg,0.0,0.0,0.0,0.0,1.0,0.0,0.0,0.0,0.0
genestyle,genestyle ltd,81.5,0.0,0.0,0.0,0.0,0.0,0.0,0.0,0.0
georg,georg a. steinmann gmbh & co. kg,0.0,0.0,0.0,0.0,1.0,1.0,0.0,0.0,0.0
geox,geox,0.0,0.0,0.0,0.0,1.0,0.0,0.0,0.0,1.0
gepa,gepa fair trade company,0.0,0.0,0.0,1.0,0.0,0.0,0.0,0.0,0.0
gerry,gerry weber,0.0,0.0,0.0,0.0,0.0,0.0,0.0,10.0,0.0
gildan,gildan,0.0,0.0,0.0,0.0,0.0,0.0,0.0,49.0,0.0
gildan-activewear-inc,gildan-activewear-inc,0.0,0.0,1.0,0.0,0.0,0.0,0.0,0.0,0.0
globo,globo fair trade partner gmbh,0.0,0.0,0.0,1.0,0.0,0.0,0.0,0.0,0.0
golite,golite - original,113.5,0.0,0.0,0.0,0.0,0.0,0.0,0.0,0.0
good,"good cloth, llc",274.79999999999995,0.0,0.0,0.0,0.0,0.0,0.0,0.0,0.0
gore-wear,gore-wear,0.0,0.0,2.0,0.0,0.0,0.0,0.0,0.0,0.0
greater,greater goods limited,0.0,0.0,0.0,1.0,0.0,0.0,0.0,0.0,0.0
grey,grey rock clothing co.,88.0,0.0,0.0,0.0,0.0,0.0,0.0,0.0,0.0
greylab,greylab footwear bv,0.0,0.0,0.0,0.0,1.0,0.0,0.0,0.0,0.0
groupe,groupe beaumanoir,0.0,1.0,0.0,0.0,1.0,0.0,0.0,0.0,6.0
grupo,grupo malwee,0.0,0.0,0.0,0.0,0.0,0.0,1.0,0.0,0.0
gruppo,gruppo armani,0.0,0.0,0.0,0.0,0.0,0.0,0.0,0.0,1.0
gucci,gucci,0.0,0.0,0.0,0.0,0.0,0.0,0.0,48.0,0.0
guess,guess,0.0,0.0,0.0,0.0,0.0,0.0,0.0,19.0,0.0
guess?,guess?,0.0,1.0,0.0,0.0,0.0,0.0,0.0,0.0,0.0
"guess?,","guess?, inc.",0.0,0.0,0.0,0.0,0.0,0.0,1.0,0.0,0.0
gymshark,gymshark,0.0,0.0,1.0,0.0,0.0,0.0,0.0,0.0,0.0
h&m,h&m (h&m group),0.0,1.0,0.0,0.0,0.0,0.0,1.0,73.0,1.0
haba,haba sales gmbh & co. kg,0.0,0.0,0.0,0.0,0.0,1.0,0.0,0.0,0.0
haglofs,haglofs scandinavia ab,0.0,0.0,0.0,0.0,1.0,0.0,0.0,0.0,0.0
haglöfs,haglöfs ab,0.0,0.0,0.0,0.0,0.0,1.0,0.0,0.0,0.0
hakro,hakro gmbh,0.0,1.0,0.0,0.0,0.0,0.0,0.0,0.0,0.0
halti,halti oy,0.0,0.0,0.0,0.0,0.0,1.0,0.0,0.0,0.0
hamilton,hamilton perkins collection,118.4,0.0,0.0,0.0,0.0,0.0,0.0,0.0,0.0
hanbo,hanbo enterprises ltd.,0.0,1.0,0.0,0.0,0.0,0.0,0.0,0.0,0.0
handknits,handknits pty ltd,84.8,0.0,0.0,0.0,0.0,0.0,0.0,0.0,0.0
hanes,hanes,0.0,0.0,0.0,0.0,0.0,0.0,0.0,39.0,0.0
hanesbrands,hanesbrands,0.0,0.0,1.0,0.0,0.0,0.0,1.0,0.0,0.0
hans,hans boodt mannequins,0.0,0.0,0.0,0.0,0.0,0.0,0.0,0.0,1.0
hansoll,hansoll textile ltd.,0.0,1.0,0.0,0.0,0.0,0.0,0.0,0.0,0.0
hayleys,hayleys fabric plc,0.0,0.0,0.0,0.0,0.0,0.0,1.0,0.0,0.0
heidelberger,heidelberger partnerschaftskaffee,0.0,0.0,0.0,1.0,0.0,0.0,0.0,0.0,0.0
heidi.com,heidi.com,85.0,0.0,0.0,0.0,0.0,0.0,0.0,0.0,0.0
heilan,heilan home,0.0,0.0,0.0,0.0,0.0,0.0,0.0,0.0,0.0
helly,helly hansen,0.0,0.0,0.0,0.0,0.0,1.0,0.0,35.0,0.0
helpsy,helpsy,85.6,0.0,0.0,0.0,0.0,0.0,0.0,0.0,0.0
hema,hema,0.0,0.0,0.0,0.0,0.0,0.0,0.0,34.0,0.0
hermes,hermes,0.0,0.0,0.0,0.0,0.0,0.0,0.0,0.0,1.0
hermès,hermès,0.0,0.0,0.0,0.0,0.0,0.0,1.0,33.0,0.0
herno,herno,0.0,0.0,0.0,0.0,0.0,0.0,0.0,0.0,1.0
hestra,hestra,0.0,0.0,0.0,0.0,1.0,0.0,0.0,0.0,0.0
hirsch,hirsch armbã¤nder gmbh,0.0,0.0,0.0,0.0,1.0,0.0,0.0,0.0,0.0
hl,hl display ab,0.0,0.0,0.0,0.0,0.0,0.0,1.0,0.0,0.0
hoff,"hoff brand, s.l",0.0,0.0,0.0,0.0,1.0,0.0,0.0,0.0,0.0
hollister,hollister co.,0.0,0.0,0.0,0.0,0.0,0.0,0.0,25.0,0.0
"holt,","holt, renfrew & co., limited",0.0,0.0,0.0,0.0,0.0,0.0,1.0,0.0,0.0
hong,hong kong non-woven fabric ind. co. ltd.,0.0,1.0,0.0,0.0,0.0,0.0,0.0,0.0,0.0
hop,hop lun,0.0,1.0,0.0,0.0,0.0,0.0,0.0,0.0,0.0
hotter,hotter,0.0,0.0,0.0,0.0,1.0,0.0,0.0,0.0,0.0
houdini,houdini sportswear ab,0.0,0.0,0.0,0.0,0.0,1.0,0.0,0.0,0.0
house,house of baukjen,0.0,0.0,0.0,0.0,0.0,0.0,1.0,0.0,1.0
howbottle,howbottle,83.4,0.0,0.0,0.0,0.0,0.0,0.0,0.0,0.0
hudson's,hudson's bay,0.0,0.0,0.0,0.0,0.0,0.0,0.0,19.0,0.0
hugo,hugo boss,0.0,1.0,0.0,0.0,1.0,0.0,1.0,41.0,0.0
hugo-boss,hugo-boss,0.0,0.0,1.0,0.0,0.0,0.0,0.0,0.0,0.0
hultafors,hultafors group ab,0.0,0.0,0.0,0.0,1.0,0.0,0.0,0.0,0.0
hush,hush homewear ltd,0.0,0.0,0.0,0.0,1.0,0.0,0.0,0.0,0.0
hybrid-apparel,hybrid-apparel,0.0,0.0,1.0,0.0,0.0,0.0,0.0,0.0,0.0
hösėg,hösėg,83.4,0.0,0.0,0.0,0.0,0.0,0.0,0.0,0.0
i.c.d.a,i.c.d.a,0.0,0.0,0.0,0.0,1.0,0.0,0.0,0.0,0.0
ic,ic group a/s,0.0,0.0,0.0,0.0,1.0,0.0,0.0,0.0,0.0
icebox,"icebox knitting, llc",92.6,0.0,0.0,0.0,0.0,0.0,0.0,0.0,0.0
ikea,ikea,0.0,0.0,0.0,0.0,1.0,0.0,1.0,0.0,0.0
ikks,ikks group sas,0.0,0.0,0.0,0.0,1.0,0.0,0.0,0.0,0.0
impi,impi sandals,0.0,0.0,0.0,1.0,0.0,0.0,0.0,0.0,0.0
inc,inc,0.0,1.0,0.0,0.0,0.0,0.0,0.0,0.0,0.0
inc.,inc.,0.0,2.0,0.0,0.0,0.0,0.0,0.0,0.0,0.0
indigenous,indigenous impact fashion,96.0,0.0,0.0,0.0,0.0,0.0,0.0,0.0,0.0
inditex,inditex,0.0,1.0,0.0,0.0,1.0,0.0,1.0,0.0,1.0
ingka,ingka group,0.0,0.0,0.0,0.0,0.0,0.0,1.0,0.0,0.0
initiativas,initiativas de economia alternativa y solidaria (ideas),0.0,0.0,0.0,1.0,0.0,0.0,0.0,0.0,0.0
insecta,insecta shoes,81.5,0.0,0.0,0.0,0.0,0.0,0.0,0.0,0.0
interloop,interloop limited,0.0,0.0,0.0,0.0,0.0,0.0,1.0,0.0,0.0
international,international federation of organic agriculture movements (ifoam),0.0,0.0,0.0,1.0,0.0,0.0,0.0,0.0,0.0
intimissimi,intimissimi,0.0,0.0,0.0,0.0,0.0,0.0,0.0,13.0,0.0
isbjörn,isbjörn of sweden,0.0,0.0,0.0,0.0,0.0,1.0,0.0,0.0,0.0
island,island spirit,0.0,0.0,0.0,1.0,0.0,0.0,0.0,0.0,0.0
itl,itl intelligent textile logistics gmbh,0.0,0.0,0.0,0.0,0.0,1.0,0.0,0.0,0.0
ito-yokado,ito-yokado,0.0,0.0,0.0,0.0,0.0,0.0,0.0,21.0,0.0
izzy,izzy,86.2,0.0,0.0,0.0,0.0,0.0,0.0,0.0,0.0
j,j barbour and sons ltd,0.0,0.0,0.0,0.0,3.0,0.0,0.0,0.0,0.0
j-america-inc,j-america-inc,0.0,0.0,1.0,0.0,0.0,0.0,0.0,0.0,0.0
j.,"j. front retailing co., ltd.",0.0,0.0,0.0,0.0,0.0,0.0,1.0,0.0,0.0
j.crew,j.crew,0.0,0.0,0.0,0.0,0.0,0.0,0.0,14.0,0.0
jack,jack & jones,0.0,0.0,0.0,0.0,0.0,1.0,0.0,30.0,0.0
jacobson,jacobson group,0.0,0.0,0.0,0.0,1.0,0.0,0.0,0.0,0.0
james,james & co (australia) pvt ltd,0.0,0.0,0.0,0.0,0.0,1.0,0.0,0.0,0.0
james&co,james&co (australia) pty ltd,81.1,0.0,0.0,0.0,0.0,0.0,0.0,0.0,0.0
jcpenney,jcpenney,0.0,0.0,0.0,0.0,0.0,0.0,0.0,15.0,0.0
jd,jd sports,0.0,0.0,0.0,0.0,0.0,0.0,1.0,16.0,0.0
jelt,jelt,83.3,0.0,0.0,0.0,0.0,0.0,0.0,0.0,0.0
jessica,jessica simpson,0.0,0.0,0.0,0.0,0.0,0.0,0.0,0.0,0.0
jetty,jetty,82.9,0.0,0.0,0.0,0.0,0.0,0.0,0.0,0.0
jil,jil sander,0.0,0.0,0.0,0.0,0.0,0.0,0.0,6.0,0.0
jockey,jockey,0.0,0.0,0.0,0.0,0.0,0.0,0.0,4.0,0.0
joe,joe fresh,0.0,0.0,0.0,0.0,0.0,0.0,0.0,13.0,0.0
john,john lewis,0.0,1.0,0.0,0.0,1.0,0.0,0.0,30.0,0.0
jojo,jojo maman bebe,81.1,0.0,0.0,0.0,0.0,0.0,0.0,0.0,0.0
jordan,jordan,0.0,0.0,0.0,0.0,0.0,0.0,0.0,55.0,0.0
joules,joules ltd,0.0,0.0,0.0,0.0,1.0,0.0,0.0,0.0,0.0
just,just trading scotland,0.0,0.0,0.0,1.0,0.0,0.0,0.0,0.0,0.0
justfab,justfab,0.0,0.0,0.0,0.0,0.0,0.0,0.0,4.0,0.0
k-boxing,k-boxing,0.0,1.0,0.0,0.0,0.0,0.0,0.0,0.0,0.0
k-way,k-way,0.0,0.0,0.0,0.0,0.0,0.0,0.0,6.0,0.0
kamik,kamik,0.0,0.0,0.0,0.0,1.0,0.0,0.0,0.0,0.0
kanika,kanika,0.0,0.0,0.0,1.0,0.0,0.0,0.0,0.0,0.0
karen,karen kane,85.3,0.0,0.0,0.0,0.0,0.0,0.0,0.0,0.0
karethic(terrethic),karethic(terrethic),0.0,0.0,0.0,1.0,0.0,0.0,0.0,0.0,0.0
karl,karl lagerfeld,0.0,0.0,0.0,0.0,0.0,0.0,0.0,0.0,1.0
karün,karün,85.2,0.0,0.0,0.0,0.0,0.0,0.0,0.0,0.0
kate,kate spade,0.0,0.0,0.0,0.0,0.0,0.0,0.0,19.0,0.0
kathmandu,kathmandu,82.2,0.0,1.0,0.0,1.0,1.0,0.0,30.0,0.0
kaufland,kaufland,0.0,0.0,0.0,0.0,0.0,0.0,0.0,18.0,0.0
kawada,"kawada feather co.,ltd.",0.0,0.0,0.0,0.0,0.0,0.0,1.0,0.0,0.0
"keen,","keen, inc.",0.0,0.0,0.0,0.0,1.0,0.0,0.0,0.0,0.0
kering,kering,0.0,1.0,0.0,0.0,0.0,0.0,1.0,0.0,1.0
kiabi,kiabi,0.0,0.0,0.0,0.0,0.0,0.0,0.0,0.0,1.0
kik,kik,0.0,1.0,0.0,0.0,0.0,0.0,0.0,18.0,0.0
kingfisher,kingfisher,0.0,0.0,0.0,0.0,1.0,0.0,1.0,0.0,0.0
kitts,kitts,90.5,0.0,0.0,0.0,0.0,0.0,0.0,0.0,0.0
klättermusen,klättermusen ab,0.0,0.0,0.0,0.0,0.0,1.0,0.0,0.0,0.0
kmart,kmart,0.0,1.0,0.0,0.0,0.0,0.0,0.0,51.0,0.0
known,known supply,86.9,0.0,0.0,0.0,0.0,0.0,0.0,0.0,0.0
kohl's,kohl's,0.0,0.0,0.0,0.0,0.0,0.0,0.0,16.0,0.0
koovs,koovs,0.0,0.0,0.0,0.0,0.0,0.0,0.0,2.0,0.0
kotn,kotn,95.5,0.0,0.0,0.0,0.0,0.0,0.0,0.0,0.0
kozm,kozm inc.,89.9,0.0,0.0,0.0,0.0,0.0,0.0,0.0,0.0
kusaga,kusaga athletic,89.2,0.0,0.0,0.0,0.0,0.0,0.0,0.0,0.0
kwun,kwun kee leather watch straps mfy. ltd.,0.0,0.0,0.0,0.0,1.0,0.0,0.0,0.0,0.0
l.,"l. l. bean, inc.",0.0,0.0,0.0,0.0,0.0,1.0,0.0,0.0,0.0
l2-brands,l2-brands,0.0,0.0,1.0,0.0,0.0,0.0,0.0,0.0,0.0
la,la redoute,0.0,0.0,0.0,0.0,1.0,1.0,0.0,11.0,0.0
lacoste,lacoste,0.0,0.0,0.0,0.0,0.0,0.0,0.0,25.0,1.0
lakeshirts-inc,lakeshirts-inc,0.0,0.0,1.0,0.0,0.0,0.0,0.0,0.0,0.0
lands',lands' end,0.0,0.0,0.0,0.0,0.0,1.0,0.0,19.0,0.0
lantinga,lantinga vita inc.,80.2,0.0,0.0,0.0,0.0,0.0,0.0,0.0,0.0
lapelle,lapelle srl,0.0,0.0,0.0,0.0,1.0,0.0,0.0,0.0,0.0
lars,lars partners,0.0,0.0,0.0,0.0,0.0,0.0,1.0,0.0,0.0
las,las polleras de agus,87.1,0.0,0.0,0.0,0.0,0.0,0.0,0.0,0.0
last,last studio,0.0,0.0,0.0,0.0,1.0,0.0,0.0,0.0,0.0
lateral,"lateral line, inc.",85.8,0.0,0.0,0.0,0.0,0.0,0.0,0.0,0.0
ledaveed,ledaveed,86.0,0.0,0.0,0.0,0.0,0.0,0.0,0.0,0.0
lenzing,lenzing ag,0.0,1.0,0.0,0.0,0.0,0.0,1.0,0.0,0.0
leonhard,leonhard heyden,0.0,0.0,0.0,0.0,1.0,0.0,0.0,0.0,0.0
les,les deux aps,0.0,0.0,0.0,2.0,1.0,0.0,0.0,0.0,0.0
lever,lever style inc.,0.0,1.0,0.0,0.0,0.0,0.0,0.0,0.0,0.0
levi,levi strauss & co,0.0,1.0,0.0,0.0,0.0,0.0,1.0,48.0,0.0
li-ning,li-ning,0.0,0.0,0.0,0.0,0.0,0.0,0.0,15.0,0.0
lidl,lidl,0.0,0.0,0.0,0.0,1.0,0.0,2.0,27.0,0.0
limy,limy inc dba reformation,0.0,1.0,0.0,0.0,0.0,0.0,0.0,0.0,0.0
lindex,lindex,0.0,0.0,0.0,0.0,0.0,0.0,0.0,50.0,0.0
little,little bean sprout,235.0,0.0,0.0,0.0,0.0,0.0,0.0,0.0,0.0
ll,ll bean,0.0,0.0,0.0,0.0,0.0,0.0,0.0,6.0,0.0
loft,loft,0.0,0.0,0.0,0.0,0.0,0.0,0.0,26.0,0.0
lojas,lojas renner,0.0,1.0,0.0,0.0,0.0,0.0,1.0,0.0,0.0
longchamp,longchamp,0.0,0.0,0.0,0.0,1.0,0.0,0.0,3.0,0.0
loomstate,loomstate,0.0,1.0,0.0,0.0,0.0,0.0,0.0,0.0,0.0
looptworks,looptworks,111.5,0.0,0.0,0.0,0.0,0.0,0.0,0.0,0.0
louis,louis vuitton,0.0,0.0,0.0,0.0,0.0,0.0,1.0,26.0,0.0
lt.bo,lt.bo srl,0.0,1.0,0.0,0.0,0.0,0.0,0.0,0.0,0.0
ltd,ltd,0.0,1.0,0.0,0.0,0.0,0.0,0.0,0.0,0.0
lulea,lulea mindful athletes s.a.,105.7,0.0,0.0,0.0,0.0,0.0,0.0,0.0,0.0
lululemon,lululemon,0.0,1.0,1.0,0.0,0.0,1.0,1.0,46.0,0.0
luxtra,luxtra,91.9,0.0,0.0,0.0,0.0,0.0,0.0,0.0,0.0
lvmh,lvmh,0.0,0.0,0.0,0.0,1.0,0.0,1.0,0.0,0.0
"lymi,","lymi, inc. dba reformation",0.0,0.0,0.0,0.0,0.0,0.0,1.0,0.0,0.0
macy's,macy's,0.0,0.0,0.0,0.0,0.0,0.0,0.0,16.0,0.0
magazine,magazine de bijenkorf b.v.,0.0,0.0,0.0,0.0,0.0,0.0,1.0,0.0,0.0
maisons,maisons du monde,0.0,0.0,0.0,0.0,1.0,0.0,1.0,0.0,0.0
majuco,majuco gmbh,0.0,0.0,0.0,0.0,0.0,1.0,0.0,0.0,0.0
maloja,maloja clothing gmbh,0.0,0.0,0.0,0.0,0.0,1.0,0.0,0.0,0.0
malone,malone souliers (world wide shoes llp),0.0,0.0,0.0,0.0,1.0,0.0,0.0,0.0,0.0
malongo,malongo,0.0,0.0,0.0,1.0,0.0,0.0,0.0,0.0,0.0
mammut,mammut,0.0,1.0,0.0,0.0,0.0,1.0,1.0,31.0,0.0
mango,mango,0.0,0.0,0.0,0.0,0.0,0.0,0.0,22.0,1.0
mantis,mantis world,0.0,1.0,0.0,0.0,0.0,0.0,0.0,0.0,0.0
maono,maono,80.1,0.0,0.0,0.0,0.0,0.0,0.0,0.0,0.0
maple,maple company limited,0.0,0.0,0.0,0.0,0.0,0.0,1.0,0.0,0.0
marc,marc jacobs,0.0,0.0,0.0,0.0,1.0,0.0,0.0,25.0,0.0
marine,marine leather (margu s.r.l),0.0,0.0,0.0,0.0,1.0,0.0,0.0,0.0,0.0
markberg,markberg aps,0.0,0.0,0.0,0.0,1.0,0.0,0.0,0.0,0.0
marks,marks & spencer,0.0,0.0,0.0,0.0,1.0,0.0,1.0,60.0,0.0
marni,marni,0.0,0.0,0.0,0.0,0.0,0.0,0.0,11.0,0.0
marui,"marui group co.,ltd.",0.0,0.0,0.0,0.0,0.0,0.0,1.0,0.0,0.0
mas,mas holdings (pvt) ltd.,0.0,0.0,0.0,0.0,0.0,0.0,1.0,0.0,0.0
massimo,massimo dutti,0.0,0.0,0.0,0.0,0.0,0.0,0.0,44.0,0.0
matalan,matalan,0.0,0.0,0.0,0.0,0.0,0.0,0.0,18.0,0.0
matchesfashion.com,matchesfashion.com,0.0,0.0,0.0,0.0,0.0,0.0,0.0,0.0,1.0
max,max mara,0.0,0.0,0.0,0.0,0.0,0.0,0.0,0.0,0.0
mayamiko,mayamiko,0.0,0.0,0.0,1.0,0.0,0.0,0.0,0.0,0.0
mec,mec mountain equipment company ltd.,0.0,0.0,0.0,0.0,0.0,1.0,0.0,0.0,0.0
mekhada,mekhada,0.0,0.0,0.0,1.0,0.0,0.0,0.0,0.0,0.0
merge4,"merge4 mfg, inc",98.0,0.0,0.0,0.0,0.0,0.0,0.0,0.0,0.0
merrell,merrell,0.0,0.0,0.0,0.0,0.0,0.0,0.0,11.0,0.0
metersbonwe,metersbonwe,0.0,0.0,0.0,0.0,0.0,0.0,0.0,1.0,0.0
mexx,mexx,0.0,0.0,0.0,0.0,0.0,0.0,0.0,0.0,0.0
mey,mey gmbh & co.kg und mey herrenwäsche gmbh & co.kg,0.0,0.0,0.0,0.0,0.0,1.0,0.0,0.0,0.0
michael,michael kors,0.0,0.0,0.0,0.0,0.0,0.0,0.0,8.0,0.0
micro,micro verkoop b.v (micro fashion),0.0,0.0,0.0,0.0,1.0,0.0,0.0,0.0,0.0
mifuko,mifuko,0.0,0.0,0.0,1.0,0.0,0.0,0.0,0.0,0.0
migros,migros group,0.0,0.0,0.0,0.0,0.0,0.0,1.0,0.0,0.0
"migros-genossenschafts-bund,","migros-genossenschafts-bund, abt. sportxx",0.0,0.0,0.0,0.0,0.0,1.0,0.0,0.0,0.0
minelli,minelli,0.0,0.0,0.0,0.0,1.0,0.0,0.0,0.0,0.0
minka,minka,91.7,0.0,0.0,0.0,0.0,0.0,0.0,0.0,0.0
mitka,mitka,0.0,0.0,0.0,1.0,0.0,0.0,0.0,0.0,0.0
miu,miu miu,0.0,0.0,0.0,0.0,0.0,0.0,0.0,18.0,0.0
mizuno,mizuno,0.0,0.0,0.0,0.0,0.0,0.0,0.0,27.0,0.0
moncler,moncler,0.0,0.0,0.0,0.0,0.0,0.0,1.0,19.0,1.0
monoprix,monoprix,0.0,0.0,0.0,0.0,0.0,0.0,0.0,22.0,1.0
monsoon,monsoon,0.0,0.0,0.0,0.0,0.0,0.0,0.0,40.0,0.0
moonbird,moonbird designs pty ltd,87.2,0.0,0.0,0.0,0.0,0.0,0.0,0.0,0.0
morrisons,morrisons,0.0,0.0,0.0,0.0,0.0,0.0,0.0,31.0,0.0
mountain,"mountain hardwear, inc.",0.0,0.0,0.0,0.0,0.0,1.0,0.0,0.0,0.0
mountain-equipment-co-op,mountain-equipment-co-op,0.0,0.0,1.0,0.0,0.0,0.0,0.0,0.0,0.0
movin,movin,143.7,0.0,0.0,0.0,0.0,0.0,0.0,0.0,0.0
mrp,mrp,0.0,0.0,0.0,0.0,0.0,0.0,0.0,16.0,0.0
mud,mud jeans international,124.7,0.0,0.0,0.0,0.0,0.0,0.0,0.0,0.0
muji,muji,0.0,0.0,0.0,0.0,0.0,0.0,0.0,10.0,0.0
mulberry,mulberry,0.0,1.0,0.0,0.0,1.0,0.0,0.0,0.0,0.0
musuchouse,musuchouse,91.8,0.0,0.0,0.0,0.0,0.0,0.0,0.0,0.0
mv-sport-game-inc,mv-sport-game-inc,0.0,0.0,1.0,0.0,0.0,0.0,0.0,0.0,0.0
n'go,n'go shoes,98.8,0.0,0.0,0.0,0.0,0.0,0.0,0.0,0.0
nahar,nahar industrial enterprises limited,0.0,0.0,0.0,0.0,0.0,0.0,1.0,0.0,0.0
neiman,neiman marcus,0.0,0.0,0.0,0.0,0.0,0.0,0.0,6.0,0.0
nemo,"nemo equipment, inc.",0.0,0.0,0.0,0.0,0.0,1.0,0.0,0.0,0.0
nepalaya,nepalaya,0.0,0.0,0.0,1.0,0.0,0.0,0.0,0.0,0.0
nestle,nestle,0.0,0.0,1.0,0.0,0.0,0.0,0.0,0.0,0.0
new,new balance,0.0,1.0,0.0,0.0,1.0,0.0,0.0,99.0,0.0
new-balance-athletics-inc,new-balance-athletics-inc,0.0,0.0,1.0,0.0,0.0,0.0,0.0,0.0,0.0
new-era-cap-co-inc,new-era-cap-co-inc,0.0,0.0,1.0,0.0,0.0,0.0,0.0,0.0,0.0
next,next,0.0,0.0,0.0,0.0,1.0,0.0,0.0,36.0,0.0
nike,nike,0.0,1.0,0.0,0.0,1.0,0.0,0.0,55.0,1.0
"nike,","nike, inc.",0.0,0.0,0.0,0.0,0.0,1.0,1.0,0.0,0.0
nike-inc,nike-inc,0.0,0.0,1.0,0.0,0.0,0.0,0.0,0.0,0.0
nine,nine west,0.0,0.0,0.0,0.0,0.0,0.0,0.0,3.0,0.0
nisolo,nisolo,89.0,0.0,0.0,0.0,0.0,0.0,0.0,0.0,0.0
no,no one without,93.5,0.0,0.0,0.0,0.0,0.0,0.0,0.0,0.0
noabrands,noabrands,0.0,0.0,0.0,0.0,0.0,0.0,0.0,0.0,1.0
non-stop,non-stop dogwear as / non-stop polar as,0.0,0.0,0.0,0.0,0.0,1.0,0.0,0.0,0.0
nordstrom,nordstrom,0.0,0.0,0.0,0.0,0.0,0.0,0.0,22.0,1.0
"nordstrom,","nordstrom, inc.",0.0,0.0,0.0,0.0,0.0,0.0,1.0,0.0,0.0
norrøna,norrøna sports as,0.0,0.0,0.0,0.0,0.0,1.0,0.0,0.0,0.0
nunn,nunn bush,0.0,0.0,0.0,0.0,1.0,0.0,0.0,0.0,0.0
nyuzi,nyuzi blackwhite,0.0,0.0,0.0,1.0,0.0,0.0,0.0,0.0,0.0
oaklandish,oaklandish,83.7,0.0,0.0,0.0,0.0,0.0,0.0,0.0,0.0
oberalp-salewa,oberalp-salewa group,0.0,0.0,0.0,0.0,0.0,1.0,0.0,0.0,0.0
oishi-m,oishi-m,83.8,0.0,0.0,0.0,0.0,0.0,0.0,0.0,0.0
ojoba,ojoba collective,0.0,0.0,0.0,1.0,0.0,0.0,0.0,0.0,0.0
olam,olam,0.0,0.0,1.0,0.0,0.0,0.0,0.0,0.0,0.0
old,old navy,0.0,0.0,0.0,0.0,0.0,0.0,0.0,50.0,0.0
oliberte,oliberte limited,80.6,0.0,0.0,0.0,0.0,0.0,0.0,0.0,0.0
olive,"olive apparel (cambodia) co., ltd.",0.0,0.0,0.0,0.0,0.0,0.0,1.0,0.0,0.0
olukai,olukai,80.5,0.0,0.0,0.0,0.0,0.0,0.0,0.0,0.0
on,on running,0.0,0.0,0.0,0.0,0.0,0.0,1.0,0.0,0.0
onda,onda organica,80.3,0.0,0.0,0.0,0.0,0.0,0.0,0.0,0.0
oorr,oorr,125.5,0.0,0.0,0.0,0.0,0.0,0.0,0.0,0.0
organic,organic basics,92.8,0.0,0.0,0.0,0.0,0.0,0.0,0.0,0.0
orjin,orjin deri konfeksiyon san ve tic a.s,0.0,0.0,0.0,0.0,1.0,0.0,0.0,0.0,0.0
osprey,"osprey packs, inc.",0.0,0.0,0.0,0.0,0.0,1.0,0.0,0.0,0.0
otto,otto,0.0,1.0,0.0,0.0,0.0,0.0,0.0,20.0,0.0
outdoor,"outdoor research, llc",0.0,0.0,0.0,0.0,0.0,1.0,0.0,0.0,0.0
outerknown,outerknown,0.0,0.0,1.0,0.0,0.0,0.0,0.0,0.0,0.0
"outerknown,","outerknown, llc",0.0,0.0,0.0,0.0,0.0,1.0,0.0,0.0,0.0
outerstuff-ltd,outerstuff-ltd,0.0,0.0,1.0,0.0,0.0,0.0,0.0,0.0,0.0
outland,outland denim,111.5,0.0,0.0,0.0,0.0,0.0,0.0,0.0,0.0
ovs,ovs,0.0,0.0,0.0,0.0,0.0,0.0,0.0,35.0,0.0
oxfam,oxfam wereldwinkels,0.0,0.0,0.0,1.0,0.0,0.0,0.0,0.0,0.0
oxfam-magasins,oxfam-magasins du monde,0.0,0.0,0.0,1.0,0.0,0.0,0.0,0.0,0.0
oxfamintermón,oxfamintermón,0.0,0.0,0.0,1.0,0.0,0.0,0.0,0.0,0.0
pact,pact apparel,83.9,0.0,0.0,0.0,0.0,0.0,0.0,0.0,0.0
paigh,paigh,0.0,0.0,0.0,1.0,0.0,0.0,0.0,0.0,0.0
paka,paka,124.8,0.0,0.0,0.0,0.0,0.0,0.0,0.0,0.0
pala,pala eyewear,84.1,0.0,0.0,0.0,0.0,0.0,0.0,0.0,0.0
panama,panama jack slu,0.0,0.0,0.0,0.0,1.0,0.0,0.0,0.0,0.0
pandora,pandora a/s,0.0,0.0,0.0,0.0,0.0,0.0,1.0,0.0,0.0
papa,papa,82.2,0.0,0.0,0.0,0.0,0.0,0.0,0.0,0.0
parafina,parafina co.,85.9,0.0,0.0,0.0,0.0,0.0,0.0,0.0,0.0
parker,parker clay,89.4,0.0,0.0,0.0,0.0,0.0,0.0,0.0,0.0
patagonia,patagonia,151.4,0.0,1.0,0.0,0.0,1.0,0.0,60.0,0.0
pattern,pattern s.p.a.,0.0,1.0,0.0,0.0,0.0,0.0,1.0,0.0,0.0
paul,paul & joe,0.0,0.0,0.0,0.0,0.0,0.0,0.0,0.0,1.0
peak,peak design,0.0,1.0,0.0,0.0,0.0,2.0,1.0,0.0,0.0
pela,pela,80.3,0.0,0.0,0.0,0.0,0.0,0.0,0.0,0.0
pellami,pellami due c spa,0.0,0.0,0.0,0.0,1.0,0.0,0.0,0.0,0.0
pentland,pentland brands plc,0.0,0.0,0.0,0.0,1.0,0.0,0.0,0.0,0.0
people,people tree,0.0,0.0,0.0,1.0,0.0,0.0,0.0,0.0,0.0
pepe,pepe jeans,0.0,0.0,0.0,0.0,0.0,0.0,0.0,0.0,0.0
peruvian,peruvian imports,80.9,0.0,0.0,0.0,0.0,0.0,0.0,0.0,0.0
pidigi,pidigi s.p.a.,0.0,1.0,0.0,0.0,0.0,0.0,0.0,0.0,0.0
pieles,pieles quintana s.a,0.0,0.0,0.0,0.0,1.0,0.0,0.0,0.0,0.0
pikolinos,"pikolinos intercontinental, s.a",0.0,0.0,0.0,0.0,1.0,0.0,0.0,0.0,0.0
pimalpaka,pimalpaka sac,80.9,0.0,0.0,0.0,0.0,0.0,0.0,0.0,0.0
pimkie,pimkie,0.0,0.0,0.0,0.0,0.0,0.0,0.0,18.0,0.0
pine,pine tree company for textile manufacturing psc,0.0,0.0,0.0,0.0,0.0,0.0,1.0,0.0,0.0
pinneco,pinneco research ltd.,0.0,1.0,0.0,0.0,0.0,0.0,0.0,0.0,0.0
poppy,poppy barley,92.9,0.0,0.0,0.0,0.0,0.0,0.0,0.0,0.0
popsockets,popsockets,0.0,0.0,1.0,0.0,0.0,0.0,0.0,0.0,0.0
prada,prada,0.0,0.0,0.0,0.0,0.0,0.0,0.0,18.0,1.0
prana,prana,0.0,0.0,1.0,0.0,0.0,1.0,0.0,0.0,0.0
prettylittlething,prettylittlething,0.0,0.0,0.0,0.0,0.0,0.0,0.0,9.0,0.0
primark,primark,0.0,0.0,0.0,0.0,1.0,0.0,0.0,38.0,0.0
prisma,prisma,0.0,0.0,0.0,0.0,0.0,0.0,0.0,25.0,0.0
project,project repat,125.1,0.0,0.0,0.0,0.0,0.0,0.0,0.0,0.0
promod,promod,0.0,0.0,0.0,0.0,0.0,0.0,0.0,0.0,1.0
pukka,pukka herbs,0.0,0.0,0.0,0.0,0.0,0.0,1.0,0.0,0.0
pull&bear,pull&bear,0.0,0.0,0.0,0.0,0.0,0.0,0.0,44.0,0.0
puma,puma,0.0,1.0,0.0,0.0,1.0,1.0,1.0,57.0,1.0
puma-se,puma-se,0.0,0.0,1.0,0.0,0.0,0.0,0.0,0.0,0.0
pvh,pvh corp,0.0,1.0,0.0,0.0,0.0,0.0,1.0,0.0,1.0
quicksilver,quicksilver,0.0,0.0,0.0,0.0,0.0,0.0,0.0,3.0,0.0
quimser,quimser sa,0.0,0.0,0.0,0.0,1.0,0.0,0.0,0.0,0.0
r-collective,r-collective,0.0,1.0,0.0,0.0,0.0,0.0,0.0,0.0,0.0
r.e.i.,r.e.i. recreational equipment inc.,0.0,0.0,0.0,0.0,0.0,1.0,0.0,0.0,0.0
ralph,ralph lauren,0.0,1.0,0.0,0.0,1.0,0.0,1.0,27.0,1.0
ramatex,ramatex,0.0,0.0,0.0,0.0,0.0,0.0,1.0,0.0,0.0
raven,raven + lily,104.9,0.0,0.0,0.0,0.0,0.0,0.0,0.0,0.0
re-wrap,re-wrap association,0.0,0.0,0.0,1.0,0.0,0.0,0.0,0.0,0.0
re.,re. pi. co s.p.a,0.0,0.0,0.0,0.0,1.0,0.0,0.0,0.0,0.0
re:newcell,re:newcell ab,0.0,1.0,0.0,0.0,0.0,0.0,0.0,0.0,0.0
reebok,reebok,0.0,0.0,0.0,0.0,0.0,0.0,0.0,69.0,0.0
reflect,reflect studio,98.5,0.0,0.0,0.0,0.0,0.0,0.0,0.0,0.0
reformation,reformation,100.0,0.0,0.0,0.0,0.0,0.0,0.0,0.0,0.0
regatta,regatta group,0.0,1.0,0.0,0.0,0.0,0.0,0.0,0.0,0.0
rei,rei,0.0,0.0,0.0,0.0,0.0,0.0,0.0,23.0,0.0
reima,reima oy,0.0,0.0,0.0,0.0,0.0,1.0,0.0,0.0,0.0
reitan,reitan convenience sweden ab,0.0,0.0,0.0,0.0,0.0,0.0,1.0,0.0,0.0
reliance,reliance trends,0.0,0.0,0.0,0.0,0.0,0.0,0.0,12.0,0.0
reserva,reserva,80.6,1.0,0.0,0.0,0.0,0.0,0.0,0.0,0.0
reserved,reserved,0.0,0.0,0.0,0.0,0.0,0.0,0.0,19.0,0.0
revolve,revolve,0.0,0.0,0.0,0.0,0.0,0.0,0.0,2.0,0.0
rhone,rhone,0.0,0.0,0.0,0.0,0.0,1.0,0.0,0.0,0.0
rhyme&reason,rhyme&reason clothing,81.9,0.0,0.0,0.0,0.0,0.0,0.0,0.0,0.0
richemont,richemont international sa,0.0,0.0,0.0,0.0,0.0,0.0,1.0,0.0,0.0
ricosta,ricosta schuhfabriken gmbh,0.0,0.0,0.0,0.0,1.0,0.0,0.0,0.0,0.0
rifo,rifo s.r.l.,99.9,0.0,0.0,0.0,0.0,0.0,0.0,0.0,0.0
river,river island,0.0,0.0,0.0,0.0,0.0,0.0,0.0,22.0,0.0
riz,riz boardshorts ltd,104.4,0.0,0.0,0.0,0.0,0.0,0.0,0.0,0.0
rose,rose buddha,90.9,0.0,0.0,0.0,0.0,0.0,0.0,0.0,0.0
ross,ross dress for less,0.0,0.0,0.0,0.0,0.0,0.0,0.0,8.0,0.0
rowlinson,rowlinson knitwear limited,107.4,0.0,0.0,0.0,0.0,0.0,0.0,0.0,0.0
roxy,roxy,0.0,0.0,0.0,0.0,0.0,0.0,0.0,3.0,0.0
royal,royal republiq- republiq aps,0.0,0.0,0.0,0.0,1.0,1.0,0.0,0.0,0.0
rt,rt knits ltd,0.0,1.0,0.0,0.0,0.0,0.0,1.0,0.0,0.0
"ruffwear,","ruffwear, inc.",0.0,0.0,0.0,0.0,0.0,1.0,0.0,0.0,0.0
russell,russell athletic,0.0,0.0,0.0,0.0,0.0,0.0,0.0,36.0,0.0
ruyi,ruyi,0.0,0.0,0.0,0.0,0.0,0.0,0.0,0.0,1.0
s.a.,s.a.,0.0,2.0,0.0,0.0,0.0,0.0,0.0,0.0,0.0
s.c,s.c networks trading srl,0.0,0.0,0.0,1.0,0.0,0.0,0.0,0.0,0.0
s.oliver,s.oliver,0.0,0.0,0.0,0.0,0.0,0.0,0.0,16.0,0.0
sa.,sa.,0.0,1.0,0.0,0.0,0.0,0.0,0.0,0.0,0.0
sackeusab,sackeusab,0.0,0.0,0.0,1.0,0.0,0.0,0.0,0.0,0.0
sainsbury’s-tu,sainsbury’s-tu clothing,0.0,0.0,0.0,0.0,0.0,0.0,0.0,47.0,0.0
saint,saint laurent,0.0,0.0,0.0,0.0,0.0,0.0,0.0,47.0,0.0
saitex,saitex international,105.6,0.0,0.0,0.0,0.0,0.0,0.0,0.0,0.0
saks,saks fifth avenue,0.0,0.0,0.0,0.0,0.0,0.0,0.0,19.0,0.0
salomon,salomon,0.0,1.0,0.0,0.0,0.0,1.0,1.0,0.0,0.0
salvatore,salvatore ferragamo,0.0,0.0,0.0,0.0,0.0,0.0,1.0,21.0,1.0
samsãe,samsãe samsãe,0.0,0.0,0.0,0.0,1.0,0.0,0.0,0.0,0.0
sandro,sandro,0.0,0.0,0.0,0.0,0.0,0.0,0.0,11.0,0.0
sanmar-corporation,sanmar-corporation,0.0,0.0,1.0,0.0,0.0,0.0,0.0,0.0,0.0
sapphire,sapphire textile mills limited,0.0,0.0,0.0,0.0,0.0,0.0,1.0,0.0,0.0
sarana,sarana,0.0,0.0,0.0,1.0,0.0,0.0,0.0,0.0,0.0
sateri,sateri,0.0,1.0,0.0,0.0,0.0,0.0,0.0,0.0,0.0
save,save the duck s.p.a.,95.0,0.0,0.0,0.0,0.0,0.0,0.0,0.0,0.0
schoeller,schoeller texti ag,0.0,1.0,0.0,0.0,0.0,0.0,0.0,0.0,0.0
schwarz,"schwarz gruppe (kaufland stiftung, lidl stiftung, prezero stiftung, schwarz produktion)",0.0,0.0,0.0,0.0,0.0,0.0,1.0,0.0,0.0
schöffel,schöffel sportbekleidung gmbh,0.0,0.0,0.0,0.0,0.0,1.0,0.0,0.0,0.0
scm,scm garments pvt limited,0.0,0.0,0.0,0.0,0.0,0.0,1.0,0.0,0.0
scottish,scottish fair trade forum,0.0,0.0,0.0,1.0,0.0,0.0,1.0,0.0,0.0
seams,seams to fit,91.6,0.0,0.0,0.0,0.0,0.0,0.0,0.0,0.0
seasalt,seasalt limited,0.0,0.0,0.0,0.0,1.0,0.0,0.0,0.0,0.0
secret,secret pillow project ltd,0.0,0.0,0.0,1.0,0.0,0.0,0.0,0.0,0.0
see,see me,0.0,0.0,0.0,1.0,0.0,0.0,0.0,0.0,0.0
seepje,seepje,0.0,0.0,0.0,1.0,0.0,0.0,0.0,0.0,0.0
selfridges,selfridges group,0.0,0.0,0.0,0.0,0.0,0.0,1.0,0.0,1.0
sezane,sezane,0.0,0.0,0.0,0.0,1.0,0.0,0.0,0.0,0.0
shared,shared earth,0.0,0.0,0.0,2.0,0.0,0.0,0.0,0.0,0.0
shg,shg schuster handelsgesellschaft mbh & co kg,0.0,0.0,0.0,0.0,1.0,0.0,0.0,0.0,0.0
shokay,shokay,0.0,1.0,0.0,0.0,0.0,0.0,0.0,0.0,0.0
simbólica,simbólica,0.0,0.0,0.0,1.0,0.0,0.0,0.0,0.0,0.0
simon,simon li furniture,0.0,0.0,0.0,0.0,1.0,0.0,0.0,0.0,0.0
sitka-group,sitka-group,0.0,0.0,1.0,0.0,0.0,0.0,0.0,0.0,0.0
siyabonga,siyabonga,0.0,0.0,0.0,1.0,0.0,0.0,0.0,0.0,0.0
sjaal,sjaal met verhaal,0.0,0.0,0.0,1.0,0.0,0.0,0.0,0.0,0.0
skechers,skechers,0.0,0.0,0.0,0.0,0.0,0.0,0.0,8.0,0.0
skfk-skunkfunk,skfk-skunkfunk,0.0,1.0,0.0,0.0,0.0,0.0,0.0,0.0,0.0
skogstad,skogstad sport as,0.0,0.0,0.0,0.0,0.0,1.0,0.0,0.0,0.0
skunkfunk,skunkfunk,0.0,0.0,0.0,0.0,0.0,0.0,1.0,0.0,0.0
sln,sln tekstil ve moda san. tic. a.ş,0.0,1.0,0.0,0.0,0.0,0.0,0.0,0.0,0.0
slowcolor,slowcolor,128.9,0.0,0.0,0.0,0.0,0.0,0.0,0.0,0.0
smaak,smaak retail bv,0.0,0.0,0.0,0.0,1.0,0.0,0.0,0.0,0.0
sok,sok corporation,0.0,0.0,0.0,0.0,0.0,0.0,1.0,0.0,0.0
solidar’monde,solidar’monde,0.0,0.0,0.0,1.0,0.0,0.0,0.0,0.0,0.0
soliver-group,soliver-group,0.0,0.0,1.0,0.0,0.0,0.0,0.0,0.0,0.0
solmate,solmate socks,91.8,0.0,0.0,0.0,0.0,0.0,0.0,0.0,0.0
someone,someone somewhere,100.8,0.0,0.0,0.0,0.0,0.0,0.0,0.0,0.0
speedo,speedo,0.0,0.0,0.0,0.0,0.0,0.0,0.0,34.0,0.0
sports,sports direct,0.0,0.0,0.0,0.0,0.0,0.0,0.0,6.0,0.0
sss,sss silva santos & silva lda,0.0,0.0,0.0,0.0,1.0,0.0,0.0,0.0,0.0
stacy,stacy adams shoe company,0.0,0.0,0.0,0.0,1.0,0.0,0.0,0.0,0.0
star-tags,star-tags textilimport- und merchandising gmbh,0.0,0.0,0.0,0.0,0.0,1.0,0.0,0.0,0.0
stay,stay true clothing,117.3,0.0,0.0,0.0,0.0,0.0,0.0,0.0,0.0
stella,stella mccartney,0.0,1.0,0.0,0.0,0.0,0.0,1.0,0.0,1.0
step,step by step,0.0,0.0,0.0,0.0,0.0,1.0,0.0,0.0,0.0
steve,steve madden,0.0,0.0,0.0,0.0,0.0,0.0,0.0,10.0,0.0
stradivarius,stradivarius,0.0,0.0,0.0,0.0,0.0,0.0,0.0,44.0,0.0
successori,successori reda spa,80.2,0.0,0.0,0.0,0.0,0.0,0.0,0.0,0.0
sudara,sudara inc.,81.3,0.0,0.0,0.0,0.0,0.0,0.0,0.0,0.0
sued,sued mod dericilik san. ve tic. ltd. sti.,0.0,0.0,0.0,0.0,1.0,0.0,0.0,0.0,0.0
sunrise,sunrise group,0.0,1.0,0.0,0.0,0.0,0.0,0.0,0.0,0.0
superdry,superdry,0.0,0.0,0.0,0.0,0.0,0.0,0.0,20.0,0.0
sword,sword & plough,89.5,0.0,0.0,0.0,0.0,0.0,0.0,0.0,0.0
sympatex,sympatex technologies gmbh,89.0,1.0,0.0,0.0,0.0,0.0,0.0,0.0,0.0
syn,syn allois,0.0,0.0,0.0,1.0,0.0,0.0,0.0,0.0,0.0
synergy,synergy clothing inc,82.4,0.0,0.0,0.0,0.0,0.0,0.0,0.0,0.0
syngenta,syngenta,0.0,0.0,1.0,0.0,0.0,0.0,0.0,0.0,0.0
szczypta,szczypta świata,0.0,0.0,0.0,1.0,0.0,0.0,0.0,0.0,0.0
tahoua,tahoua import,0.0,0.0,0.0,1.0,0.0,0.0,0.0,0.0,0.0
tai,tai wah garment industry sdn. bhd.,0.0,0.0,0.0,0.0,0.0,0.0,1.0,0.0,0.0
taiga,taiga apparel (pvt.) limited,0.0,0.0,0.0,0.0,0.0,0.0,1.0,0.0,0.0
takko,takko,0.0,0.0,0.0,0.0,0.0,0.0,0.0,12.0,0.0
tal,tal apparel ltd.,0.0,1.0,0.0,0.0,0.0,0.0,0.0,0.0,0.0
tampereen,tampereen kehitysmaakauppa,0.0,0.0,0.0,1.0,0.0,0.0,0.0,0.0,0.0
tapestry,tapestry,0.0,0.0,0.0,0.0,1.0,0.0,0.0,0.0,1.0
target,target,0.0,2.0,0.0,0.0,1.0,0.0,1.0,70.0,0.0
tatico,tatico,0.0,0.0,0.0,1.0,0.0,0.0,0.0,0.0,0.0
tchibo,tchibo,0.0,1.0,0.0,0.0,0.0,0.0,1.0,48.0,0.0
ted,ted baker,0.0,0.0,0.0,0.0,1.0,0.0,1.0,23.0,0.0
tediber,tediber,0.0,0.0,0.0,0.0,0.0,0.0,1.0,0.0,0.0
temple,temple flower,87.3,0.0,0.0,0.0,0.0,0.0,0.0,0.0,0.0
tendam,tendam,0.0,1.0,0.0,0.0,0.0,0.0,1.0,0.0,1.0
tentree,tentree international,124.6,0.0,0.0,0.0,0.0,0.0,0.0,0.0,0.0
tesco,tesco,0.0,0.0,0.0,0.0,0.0,0.0,0.0,43.0,0.0
textielwerkplaats,textielwerkplaats sari v.o.f.,0.0,0.0,0.0,1.0,0.0,0.0,0.0,0.0,0.0
textil,textil del valle,84.6,1.0,0.0,0.0,0.0,0.0,0.0,0.0,0.0
textiles,textiles y confecciones eco sustentables spa,88.8,0.0,0.0,0.0,0.0,0.0,0.0,0.0,0.0
teysha,teysha social enterprises,80.7,0.0,0.0,0.0,0.0,0.0,0.0,0.0,0.0
tezenis,tezenis,0.0,0.0,0.0,0.0,0.0,0.0,0.0,13.0,0.0
the,the big blue bike,557.0,3.0,0.0,5.0,3.0,2.0,4.0,102.0,0.0
therafit,therafit shoe,80.5,0.0,0.0,0.0,0.0,0.0,0.0,0.0,0.0
therethere,therethere,83.3,0.0,0.0,0.0,0.0,0.0,0.0,0.0,0.0
thread,thread harvest,80.8,0.0,0.0,0.0,0.0,0.0,0.0,0.0,0.0
threads,threads 4 thought,92.7,0.0,0.0,0.0,0.0,0.0,0.0,0.0,0.0
thule,thule group,0.0,0.0,0.0,0.0,0.0,1.0,0.0,0.0,0.0
tiger,tiger of sweden,0.0,0.0,0.0,0.0,1.0,0.0,0.0,0.0,0.0
timberland,timberland,0.0,0.0,0.0,0.0,1.0,0.0,0.0,59.0,0.0
tintex,tintex textiles,0.0,1.0,0.0,0.0,0.0,0.0,1.0,0.0,0.0
tj,tj maxx,0.0,0.0,0.0,0.0,0.0,0.0,0.0,15.0,0.0
tod's,tod's,0.0,0.0,0.0,0.0,0.0,0.0,0.0,20.0,0.0
tokmanni,tokmanni oy,0.0,0.0,0.0,0.0,0.0,0.0,1.0,0.0,0.0
tom,tom ford,0.0,1.0,0.0,0.0,0.0,0.0,0.0,18.0,0.0
tommy,tommy bahama,0.0,0.0,0.0,0.0,1.0,0.0,0.0,62.0,0.0
toms,toms,96.3,0.0,0.0,0.0,1.0,0.0,0.0,0.0,0.0
toms-shoes,toms-shoes,0.0,0.0,1.0,0.0,0.0,0.0,0.0,0.0,0.0
top-world-llc,top-world-llc,0.0,0.0,1.0,0.0,0.0,0.0,0.0,0.0,0.0
topia,topia handels,0.0,0.0,0.0,1.0,0.0,0.0,0.0,0.0,0.0
topman,topman,0.0,0.0,0.0,0.0,0.0,0.0,0.0,38.0,0.0
topshop,topshop,0.0,0.0,0.0,0.0,0.0,0.0,0.0,38.0,0.0
topvalu,topvalu collection,0.0,0.0,0.0,0.0,0.0,0.0,0.0,19.0,0.0
toral,toral,0.0,0.0,0.0,0.0,1.0,0.0,0.0,0.0,0.0
tory,tory burch,0.0,0.0,0.0,0.0,1.0,0.0,0.0,4.0,0.0
totebag,totebag srl,82.2,0.0,0.0,0.0,0.0,0.0,0.0,0.0,0.0
tous,tous & tous complements slu,0.0,0.0,0.0,0.0,1.0,0.0,0.0,0.0,0.0
traidcraft,traidcraft exchange,0.0,0.0,0.0,2.0,0.0,0.0,0.0,0.0,0.0
tribe,tribe alive,81.4,0.0,0.0,0.0,0.0,0.0,0.0,0.0,0.0
triumph,triumph,0.0,0.0,0.0,0.0,0.0,0.0,0.0,10.0,0.0
tropic,tropic knits ltd,0.0,1.0,0.0,0.0,0.0,0.0,0.0,0.0,0.0
tropical,tropical mountains,0.0,0.0,0.0,1.0,0.0,0.0,0.0,0.0,0.0
truworths,truworths,0.0,0.0,0.0,0.0,0.0,0.0,0.0,15.0,0.0
ts,"ts designs, inc.",80.7,0.0,0.0,0.0,0.0,0.0,0.0,0.0,0.0
tuckerman,tuckerman & co.,82.4,0.0,0.0,0.0,0.0,0.0,0.0,0.0,0.0
twine,twine fair trade company,88.0,0.0,0.0,0.0,0.0,0.0,0.0,0.0,0.0
u-landsforeningen,u-landsforeningen svalerne,0.0,0.0,0.0,1.0,0.0,0.0,0.0,0.0,0.0
ugg,ugg,0.0,0.0,0.0,0.0,0.0,0.0,0.0,17.0,0.0
unbelts,unbelts,89.6,0.0,0.0,0.0,0.0,0.0,0.0,0.0,0.0
under,under armour,0.0,0.0,0.0,0.0,1.0,0.0,1.0,29.0,0.0
under-armour,under-armour,0.0,0.0,1.0,0.0,0.0,0.0,0.0,0.0,0.0
uniqlo,uniqlo,0.0,0.0,0.0,0.0,0.0,0.0,0.0,40.0,0.0
united,united arrows,80.1,0.0,0.0,0.0,0.0,0.0,0.0,62.0,0.0
urban,urban outfitters,0.0,0.0,0.0,0.0,0.0,0.0,0.0,20.0,0.0
urbane,urbane & gallant,83.8,0.0,0.0,0.0,0.0,0.0,0.0,0.0,0.0
vagabond,vagabond shoemakers,0.0,0.0,0.0,0.0,1.0,0.0,0.0,0.0,0.0
valentino,valentino,0.0,0.0,0.0,0.0,0.0,0.0,0.0,10.0,0.0
van,van heusen,0.0,0.0,0.0,0.0,0.0,0.0,0.0,54.0,0.0
vanessa,vanessa montoro,80.0,0.0,0.0,0.0,0.0,0.0,0.0,0.0,0.0
vanhulley,vanhulley,84.0,0.0,0.0,0.0,0.0,0.0,0.0,0.0,0.0
vans,vans,0.0,0.0,0.0,0.0,0.0,0.0,0.0,59.0,0.0
vaude,vaude sport,0.0,0.0,0.0,0.0,0.0,1.0,1.0,0.0,0.0
vbl,vbl innovations pvt. limited,0.0,0.0,0.0,0.0,1.0,0.0,0.0,0.0,0.0
vedante,vedante corp,91.0,0.0,0.0,0.0,0.0,0.0,0.0,0.0,0.0
veja,veja,84.2,0.0,0.0,0.0,1.0,0.0,0.0,0.0,0.0
vero,vero moda,0.0,0.0,0.0,0.0,0.0,0.0,0.0,30.0,0.0
veronika,veronika maine,0.0,0.0,0.0,0.0,1.0,0.0,0.0,0.0,0.0
versace,versace,0.0,0.0,0.0,0.0,0.0,0.0,0.0,6.0,0.0
very,very,0.0,0.0,0.0,0.0,0.0,0.0,0.0,28.0,0.0
vf,vf corporation,0.0,1.0,0.0,0.0,1.0,0.0,1.0,0.0,0.0
victoria's,victoria's secret,0.0,0.0,0.0,0.0,0.0,0.0,0.0,21.0,0.0
vivida,vivida lifestyle ltd,0.0,1.0,0.0,0.0,0.0,0.0,0.0,0.0,0.0
vivobarefoot,vivobarefoot,98.8,0.0,0.0,0.0,0.0,0.0,0.0,0.0,0.0
vizyon,vizyon leatherwear,0.0,0.0,0.0,0.0,1.0,0.0,0.0,0.0,0.0
volcom-llc,volcom-llc,0.0,0.0,1.0,0.0,0.0,0.0,0.0,0.0,0.0
voz,voz diseño y exportaciones spa,82.9,0.0,0.0,0.0,0.0,0.0,0.0,0.0,0.0
vpl,vpl,103.5,0.0,0.0,0.0,0.0,0.0,0.0,0.0,0.0
vsp,vsp,0.0,0.0,0.0,0.0,1.0,0.0,0.0,0.0,0.0
wallaroo,wallaroo hat company,81.1,0.0,0.0,0.0,0.0,0.0,0.0,0.0,0.0
walmart,walmart,0.0,0.0,0.0,0.0,0.0,0.0,0.0,28.0,0.0
we,we europe bv,0.0,0.0,0.0,0.0,1.0,0.0,0.0,0.0,0.0
we-ar,we-ar,94.3,0.0,0.0,0.0,0.0,0.0,0.0,0.0,0.0
weltladen-dachverband,weltladen-dachverband e.v.,0.0,0.0,0.0,1.0,0.0,0.0,0.0,0.0,0.0
weltpartner,weltpartner eg,0.0,0.0,0.0,1.0,0.0,0.0,0.0,0.0,0.0
white,white house,0.0,0.0,0.0,0.0,0.0,0.0,1.0,0.0,0.0
whl,whl,0.0,0.0,0.0,0.0,1.0,0.0,0.0,0.0,0.0
williams-sonoma,williams-sonoma inc,0.0,0.0,0.0,0.0,1.0,0.0,0.0,0.0,0.0
wilson,wilson sporting goods co.,0.0,0.0,0.0,0.0,0.0,1.0,0.0,0.0,0.0
wittner,wittner,0.0,0.0,0.0,0.0,1.0,0.0,0.0,0.0,0.0
wolford,wolford ag,0.0,0.0,0.0,0.0,0.0,1.0,0.0,0.0,0.0
wolverine,wolverine world wide inc,0.0,0.0,0.0,0.0,1.0,0.0,0.0,0.0,0.0
woolworths,woolworths,0.0,0.0,0.0,0.0,1.0,0.0,1.0,19.0,0.0
workout,workout empire,0.0,1.0,0.0,0.0,0.0,0.0,0.0,0.0,0.0
worn,worn again,0.0,1.0,0.0,0.0,0.0,0.0,0.0,0.0,0.0
wortmann,wortmann schuh-holding kg,0.0,0.0,0.0,0.0,1.0,0.0,0.0,0.0,0.0
wrangler,wrangler,0.0,0.0,0.0,0.0,0.0,0.0,0.0,59.0,0.0
xinca,xinca,97.7,0.0,0.0,0.0,0.0,0.0,0.0,0.0,0.0
yellow108,yellow108,84.2,0.0,0.0,0.0,0.0,0.0,0.0,0.0,0.0
ykk,ykk corporation,0.0,1.0,0.0,0.0,0.0,0.0,1.0,0.0,0.0
youngor,youngor,0.0,0.0,0.0,0.0,0.0,0.0,0.0,0.0,0.0
zalando,zalando,0.0,0.0,0.0,0.0,1.0,0.0,1.0,39.0,0.0
zara,zara,0.0,0.0,0.0,0.0,0.0,0.0,0.0,44.0,0.0
zeeman,zeeman,0.0,0.0,0.0,0.0,0.0,0.0,0.0,25.0,0.0
zephyr-graf-x,zephyr-graf-x,0.0,0.0,1.0,0.0,0.0,0.0,0.0,0.0,0.0
zimba,zimba arts,0.0,0.0,0.0,1.0,0.0,0.0,0.0,0.0,0.0
zotter,zotter schokoladen manufaktur,0.0,0.0,0.0,1.0,0.0,0.0,0.0,0.0,0.0
én,én gry & sif,0.0,0.0,0.0,1.0,0.0,0.0,0.0,0.0,0.0
öko,öko,0.0,0.0,0.0,1.0,0.0,0.0,0.0,0.0,0.0
